{"stat.walkOneCm":20285,"stat.entityKilledBy.Spider":1,"stat.craftItem.minecraft.planks":4,"stat.leaveGame":6,"stat.mineBlock.minecraft.leaves2":5,"stat.mineBlock.minecraft.log2":1,"stat.damageTaken":410,"stat.pickup.minecraft.log2":1,"stat.flyOneCm":19232,"stat.deaths":1,"stat.pickup.minecraft.wheat_seeds":5,"stat.drop":1,"stat.jump":133,"stat.pickup.minecraft.egg":1,"stat.mineBlock.minecraft.leaves":1,"stat.playOneMinute":15192,"stat.fallOneCm":2835,"stat.sneakTime":157,"stat.crouchOneCm":409,"stat.timeSinceDeath":4030,"stat.drop.minecraft.egg":1,"stat.sprintOneCm":8185,"stat.mineBlock.minecraft.tallgrass":43}