{
  "minecraft:recipes/food/cake": {
    "criteria": {
      "has_egg": "2024-08-06 03:06:53 +0000"
    },
    "done": true
  },
  "cfm:root": {
    "criteria": {
      "tick": "2024-08-05 22:37:13 +0000"
    },
    "done": true
  },
  "cfm:install": {
    "criteria": {
      "tick": "2024-08-05 22:37:13 +0000"
    },
    "done": true
  },
  "minecraft:adventure/adventuring_time": {
    "criteria": {
      "plains": "2024-08-05 22:37:12 +0000",
      "roofed_forest": "2024-08-06 03:04:55 +0000"
    },
    "done": false
  }
}